Numero,Local,TotalCasos,NovosCasos,TotalMortes,NovasMortes,TotalRecuperados,Casos Ativos,CasosSerios,TotalCasos/1M,TotalMortes/1M,TotalTestes,Testes/1M,Populacao,Continente,Casos/10,Mortes/10,Teste/10,Novos/1M,Mortes/1M,Ativos/1M
,World,"318,077,163","+653,739","5,533,584","+2,773","263,185,170","49,358,409","95,895","40,806",709.9,,,,All,,,,,,
1,USA,"64,359,409",,"866,891",,"42,805,090","20,687,428","24,824","192,709","2,596","849,094,742","2,542,414","333,971,837",North America,5,385,0,,,"61,944"
2,India,"36,317,927",,"485,035",,"34,715,361","1,117,531","8,944","25,927",346,"697,311,627","497,812","1,400,754,116",Asia,39,"2,888",2,,,798
3,Brazil,"22,718,606",,"620,419",,"21,626,836","471,351","8,318","105,732","2,887","63,776,166","296,812","214,870,619",South America,9,346,3,,,"2,194"
4,UK,"14,862,138",,"151,007",,"11,037,780","3,673,351",793,"217,183","2,207","427,003,891","6,239,870","68,431,539",Europe,5,453,0,,,"53,679"
5,France,"12,934,982",,"126,305",,"8,857,455","3,951,222","3,985","197,497","1,928","207,533,089","3,168,710","65,494,496",Europe,5,519,0,,,"60,329"
6,Russia,"10,723,305","+21,155","319,172",+740,"9,784,348","619,785","2,300","73,432","2,186","244,900,000","1,677,050","146,030,209",Europe,14,458,1,145,5,"4,244"
7,Turkey,"10,195,676",,"84,125",,"9,436,662","674,889","1,128","118,932",981,"123,478,411","1,440,369","85,726,910",Asia,8,"1,019",1,,,"7,873"
8,Italy,"7,971,068",,"139,872",,"5,609,136","2,222,060","1,669","132,134","2,319","151,338,033","2,508,679","60,325,784",Europe,8,431,0,,,"36,834"
9,Spain,"7,771,367",,"90,508",,"5,216,408","2,464,451","2,228","166,117","1,935","66,213,858","1,415,356","46,782,487",Europe,6,517,1,,,"52,679"
10,Germany,"7,750,406","+38,411","115,681",+76,"6,878,100","756,625","3,212","92,054","1,374","89,622,218","1,064,475","84,193,812",Europe,11,728,1,456,0.9,"8,987"
11,Argentina,"6,664,717",,"117,670",,"5,700,467","846,580","2,206","145,422","2,568","29,858,244","651,499","45,830,067",South America,7,389,2,,,"18,472"
12,Iran,"6,214,781","+2,394","132,002",+30,"6,058,586","24,193","1,462","72,571","1,541","42,908,102","501,048","85,636,749",Asia,14,649,2,28,0.4,283
13,Colombia,"5,410,698",,"130,529",,"5,101,151","179,018",342,"104,631","2,524","30,718,358","594,024","51,712,275",South America,10,396,2,,,"3,462"
14,Indonesia,"4,268,890",+793,"144,155",+5,"4,117,347","7,388",,"15,359",519,"66,615,011","239,668","277,946,790",Asia,65,"1,928",4,3,0.02,27
15,Poland,"4,265,433","+16,878","101,419",+481,"3,751,459","412,555","1,654","112,892","2,684","28,266,088","748,113","37,783,184",Europe,9,373,1,447,13,"10,919"
16,Mexico,"4,214,253","+44,187","300,764",+190,"3,373,393","540,096","4,798","32,169","2,296","12,883,792","98,346","131,004,349",North America,31,436,10,337,1,"4,123"
17,Ukraine,"3,727,034","+10,046","97,928",+191,"3,537,826","91,280",177,"86,012","2,260","17,071,469","393,972","43,331,672",Europe,12,442,3,232,4,"2,107"
18,South Africa,"3,540,891",,"92,830",,"3,309,735","138,326",546,"58,574","1,536","21,654,544","358,210","60,452,056",Africa,17,651,3,,,"2,288"
19,Netherlands,"3,465,463","+33,344","21,127",+13,"2,885,855","558,481",364,"201,564","1,229","21,107,399","1,227,683","17,192,879",Europe,5,814,1,"1,939",0.8,"32,483"
20,Philippines,"3,092,409","+34,021","52,736",+82,"2,802,286","237,387","1,371","27,657",472,"25,906,644","231,700","111,811,053",Asia,36,"2,120",4,304,0.7,"2,123"
21,Malaysia,"2,795,233",,"31,738",,"2,723,599","39,896",215,"84,704",962,"42,510,949","1,288,208","33,000,059",Asia,12,"1,040",1,,,"1,209"
22,Canada,"2,657,487",,"31,082",,"2,227,880","398,525",752,"69,480",813,"54,289,765","1,419,404","38,248,279",North America,14,"1,231",1,,,"10,419"
23,Czechia,"2,562,235","+11,452","36,765",+18,"2,410,981","114,489",378,"238,583","3,423","47,840,710","4,454,700","10,739,378",Europe,4,292,0,"1,066",2,"10,661"
24,Peru,"2,440,349",,"203,193",,N/A,N/A,974,"72,470","6,034","22,674,737","673,359","33,674,070",South America,14,166,1,,,"15,338"
25,Belgium,"2,347,164","+39,321","28,566",+27,"1,920,903","397,695",450,"201,183","2,448","28,244,167","2,420,904","11,666,787",Europe,5,408,0,"3,370",2,"34,088"
26,Thailand,"2,300,457","+8,167","21,886",+14,"2,207,980","70,591",588,"32,832",312,"17,270,775","246,486","70,067,948",Asia,30,"3,201",4,117,0.2,"1,007"
27,Iraq,"2,104,940","+2,385","24,229",+4,"2,068,727","11,984",61,"50,598",582,"16,989,616","408,391","41,601,387",Asia,20,"1,717",2,57,0.10,288
28,Vietnam,"1,975,444","+16,725","35,170",+206,"1,661,930","278,344","6,006","20,019",356,"75,979,528","769,974","98,678,083",Asia,50,"2,806",1,169,2,"2,821"
29,Romania,"1,875,887","+9,785","59,150",+34,"1,771,333","45,404",441,"98,517","3,106","17,749,473","932,157","19,041,295",Europe,10,322,1,514,2,"2,385"
30,Chile,"1,849,465","+7,247","39,331",+41,"1,745,834","64,300",444,"95,495","2,031","28,164,317","1,454,229","19,367,177",South America,10,492,1,374,2,"3,320"
31,Japan,"1,791,070","+12,243","18,412",+5,"1,718,165","54,493",125,"14,228",146,"30,130,713","239,353","125,883,979",Asia,70,"6,837",4,97,0.04,433
32,Portugal,"1,734,343",,"19,181",,"1,438,268","276,894",167,"170,851","1,890","27,780,292","2,736,648","10,151,213",Europe,6,529,0,,,"27,277"
33,Israel,"1,636,179",,"8,290",,"1,396,395","231,494",257,"175,443",889,"41,373,364","4,436,346","9,326,000",Asia,6,"1,125",0,,,"24,822"
34,Switzerland,"1,627,209","+14,769","12,536",+7,"1,132,558","482,115",266,"185,936","1,432","15,264,391","1,744,216","8,751,434",Europe,5,698,1,"1,688",0.8,"55,090"
35,Bangladesh,"1,604,664","+3,359","28,123",+12,"1,551,955","24,586","1,349","9,597",168,"11,778,221","70,444","167,198,662",Asia,104,"5,945",14,20,0.07,147
36,Greece,"1,592,460",,"21,637",,"1,189,294","381,529",678,"153,933","2,092","51,450,228","4,973,371","10,345,142",Europe,6,478,0,,,"36,880"
37,Sweden,"1,534,797",,"15,440",,"1,227,247","292,110",101,"150,535","1,514","15,595,387","1,529,620","10,195,595",Europe,7,660,1,,,"28,651"
38,Serbia,"1,399,867","+13,753","13,003",+19,"1,277,485","109,379",96,"161,210","1,497","7,548,292","869,267","8,683,514",Europe,6,668,1,"1,584",2,"12,596"
39,Australia,"1,398,776","+150,702","2,522",+57,"427,258","968,996",349,"53,898",97,"58,064,628","2,237,359","25,952,311",Australia/Oceania,19,"10,290",0,"5,807",2,"37,338"
40,Austria,"1,394,599","+15,852","13,898",+16,"1,273,884","106,817",236,"153,506","1,530","129,772,258","14,284,219","9,085,009",Europe,7,654,0,"1,745",2,"11,758"
41,Hungary,"1,318,093","+9,216","40,164",+81,"1,155,505","122,424",249,"136,976","4,174","9,417,820","978,697","9,622,815",Europe,7,240,1,958,8,"12,722"
42,Pakistan,"1,312,267","+3,019","28,992",+5,"1,260,045","23,230",651,"5,770",127,"23,984,502","105,451","227,446,718",Asia,173,"7,845",9,13,0.02,102
43,Jordan,"1,088,329",,"12,932",,"1,046,583","28,814",634,"105,071","1,248","13,965,801","1,348,305","10,358,042",Asia,10,801,1,,,"2,782"
44,Ireland,"1,042,212",,"6,035",,"622,271","413,906",92,"207,524","1,202","10,485,477","2,087,854","5,022,132",Europe,5,832,0,,,"82,416"
45,Denmark,"1,023,938","+23,929","3,453",+20,"766,333","254,152",64,"175,831",593,"112,050,068","19,241,322","5,823,408",Europe,6,"1,686",0,"4,109",3,"43,643"
46,Morocco,"1,017,560",,"14,935",,"956,544","46,081",293,"27,077",397,"11,151,432","296,742","37,579,546",Africa,37,"2,516",3,,,"1,226"
47,Kazakhstan,"1,013,586","+9,122","13,062",+3,"966,588","33,936",528,"53,011",683,"11,575,012","605,383","19,120,140",Asia,19,"1,464",2,477,0.2,"1,775"
48,Cuba,"985,402",,"8,330",,"965,004","12,068",38,"87,080",736,"12,042,779","1,064,222","11,316,037",North America,11,"1,358",1,,,"1,066"
49,Georgia,"979,235","+5,326","14,359",+48,"922,411","42,465",,"246,197","3,610","13,398,424","3,368,596","3,977,450",Asia,4,277,0,"1,339",12,"10,676"
50,Slovakia,"872,511","+2,848","17,128",+47,"821,657","33,726",395,"159,693","3,135","5,227,308","956,736","5,463,688",Europe,6,319,1,521,9,"6,173"
51,Nepal,"841,297","+2,922","11,610",+1,"815,347","14,340",114,"28,102",388,"4,967,786","165,937","29,937,739",Asia,36,"2,579",6,98,0.03,479
52,Bulgaria,"799,943",,"31,838",,"628,512","139,593",579,"116,467","4,635","7,816,087","1,137,979","6,868,396",Europe,9,216,1,,,"20,324"
53,UAE,"795,997","+2,683","2,182",+1,"756,805","37,010",,"79,022",217,"116,329,034","11,548,454","10,073,126",Asia,13,"4,616",0,266,0.10,"3,674"
54,Lebanon,"794,744",,"9,325",,"675,895","109,524",186,"117,242","1,376","4,795,578","707,451","6,778,671",Asia,9,727,1,,,"16,157"
55,Croatia,"794,190","+9,157","13,006",+23,"725,684","55,500",216,"195,299","3,198","3,941,654","969,293","4,066,524",Europe,5,313,1,"2,252",6,"13,648"
56,Tunisia,"756,155",,"25,731",,"701,142","29,282",115,"62,972","2,143","3,543,022","295,062","12,007,740",Africa,16,467,3,,,"2,439"
57,Belarus,"711,723","+1,091","5,774",+17,"704,524","1,425",,"75,358",611,"11,272,583","1,193,552","9,444,567",Europe,13,"1,636",1,116,2,151
58,Bolivia,"711,299","+14,063","20,103",+47,"568,279","122,917",220,"59,690","1,687","2,633,963","221,036","11,916,468",South America,17,593,5,"1,180",4,"10,315"
59,S. Korea,"679,030","+4,162","6,210",+44,"575,763","97,057",701,"13,227",121,"15,804,065","307,851","51,336,696",Asia,76,"8,267",3,81,0.9,"1,891"
60,Guatemala,"643,447",,"16,128",,"611,004","16,315",5,"34,928",875,"3,357,498","182,254","18,422,045",North America,29,"1,142",5,,,886
61,Azerbaijan,"622,881",,"8,480",,"606,888","7,513",,"60,598",825,"5,968,349","580,638","10,278,951",Asia,17,"1,212",2,,,731
62,Costa Rica,"599,965",,"7,394",,"563,096","29,475",55,"116,154","1,431","3,105,720","601,270","5,165,263",North America,9,699,2,,,"5,706"
63,Saudi Arabia,"599,044","+5,499","8,901",+2,"555,035","35,108",262,"16,807",250,"34,885,540","978,758","35,642,675",Asia,59,"4,004",1,154,0.06,985
64,Sri Lanka,"593,725",,"15,163",,"567,519","11,043",,"27,550",704,"5,726,599","265,728","21,550,605",Asia,36,"1,421",4,,,512
65,Ecuador,"578,525",,"34,122",,N/A,N/A,759,"32,047","1,890","2,187,626","121,181","18,052,608",South America,31,529,8,,,"5,568"
66,Lithuania,"555,971","+4,051","7,603",+19,"508,778","39,590",92,"208,686","2,854","6,813,060","2,557,308","2,664,153",Europe,5,350,0,"1,521",7,"14,860"
67,Panama,"540,072",,"7,486",,"493,654","38,932",35,"122,227","1,694","4,724,238","1,069,172","4,418,596",North America,8,590,1,,,"8,811"
68,Myanmar,"532,725",+172,"19,298",+1,"510,883","2,544",,"9,692",351,"6,175,502","112,348","54,967,748",Asia,103,"2,848",9,3,0.02,46
69,Slovenia,"512,793","+6,855","5,685",+7,"456,457","50,651",153,"246,609","2,734","2,187,272","1,051,889","2,079,375",Europe,4,366,1,"3,297",3,"24,359"
70,Paraguay,"486,523",,"16,697",,"449,666","20,160",59,"66,954","2,298","2,119,262","291,648","7,266,505",South America,15,435,3,,,"2,774"
71,Dominican Republic,"476,504",,"4,259",,"431,297","40,948",168,"43,262",387,"2,727,733","247,654","11,014,276",North America,23,"2,586",4,,,"3,718"
72,Uruguay,"473,180",,"6,205",,"409,328","57,647",54,"135,498","1,777","4,671,267","1,337,649","3,492,148",South America,7,563,1,,,"16,508"
73,Norway,"472,355",,"1,381",+9,"88,952","382,022",85,"86,101",252,"9,549,866","1,740,745","5,486,080",Europe,12,"3,973",1,,2,"69,635"
74,Ethiopia,"450,997",,"7,090",,"368,000","75,907",443,"3,780",59,"4,221,863","35,385","119,313,025",Africa,265,"16,828",28,,,636
75,Venezuela,"449,730",,"5,370",,"437,624","6,736",681,"15,884",190,"3,359,014","118,640","28,312,649",South America,63,"5,272",8,,,238
76,Kuwait,"446,547",,"2,473",,"415,608","28,466",17,"102,252",566,"6,308,844","1,444,622","4,367,124",Asia,10,"1,766",1,,,"6,518"
77,Palestine,"443,817",+528,"4,738",+2,"434,717","4,362",52,"84,015",897,"2,886,013","546,328","5,282,569",Asia,12,"1,115",2,100,0.4,826
78,Mongolia,"400,434","+2,279","2,079",+3,"313,256","85,099",192,"119,213",619,"4,030,048","1,199,780","3,358,989",Asia,8,"1,616",1,678,0.9,"25,335"
79,Egypt,"395,688",,"22,042",,"329,802","43,844",122,"3,758",209,"3,693,367","35,080","105,284,041",Africa,266,"4,777",29,,,416
80,Libya,"395,687",+618,"5,822",+9,"383,080","6,785",132,"56,413",830,"2,088,275","297,723","7,014,149",Africa,18,"1,205",3,88,1,967
81,Moldova,"383,544",,"10,406",,"365,530","7,608",131,"95,418","2,589","2,486,339","618,551","4,019,616",Europe,10,386,2,,,"1,893"
82,Honduras,"382,815",+375,"10,450",,"126,927","245,438",95,"37,733","1,030","1,158,074","114,148","10,145,409",North America,27,971,9,37,,"24,192"
83,Finland,"361,553","+14,277","1,700",+12,"46,000","313,853",59,"65,099",306,"9,000,966","1,620,660","5,553,889",Europe,15,"3,267",1,"2,571",2,"56,510"
84,Armenia,"346,811",+298,"8,014",+4,"333,311","5,486",,"116,704","2,697","2,625,952","883,648","2,971,717",Asia,9,371,1,100,1,"1,846"
85,Kenya,"315,665","+1,175","5,472",+3,"279,044","31,149",49,"5,679",98,"3,127,480","56,269","55,580,829",Africa,176,"10,157",18,21,0.05,560
86,Oman,"310,338",+750,"4,119",,"301,458","4,761",16,"58,499",776,"25,000,000","4,712,552","5,304,981",Asia,17,"1,288",0,141,,897
87,Bosnia and Herzegovina,"310,023","+2,590","13,722",+26,"192,218","104,083",,"95,404","4,223","1,542,974","474,821","3,249,589",Europe,10,237,2,797,8,"32,030"
88,Bahrain,"298,542",,"1,397",,"282,024","15,121",2,"166,613",780,"8,308,417","4,636,831","1,791,831",Asia,6,"1,283",0,,,"8,439"
89,Latvia,"295,961","+2,566","4,700",+10,"269,718","21,543",86,"159,609","2,535","5,735,055","3,092,871","1,854,282",Europe,6,395,0,"1,384",5,"11,618"
90,Zambia,"291,582","+2,167","3,834",+4,"263,758","23,990",252,"15,210",200,"3,093,383","161,365","19,170,098",Africa,66,"5,000",6,113,0.2,"1,251"
91,Singapore,"288,125",,839,,"280,559","6,727",11,"48,664",142,"21,098,774","3,563,550","5,920,718",Asia,21,"7,057",0,,,"1,136"
92,Qatar,"287,091","+4,187",623,+2,"251,693","34,775",67,"102,247",222,"3,251,971","1,158,190","2,807,805",Asia,10,"4,507",1,"1,491",0.7,"12,385"
93,Estonia,"260,396","+2,438","1,967",+4,"232,442","25,987",18,"196,096","1,481","2,624,156","1,976,170","1,327,900",Europe,5,675,1,"1,836",3,"19,570"
94,Nigeria,"249,586",,"3,092",,"220,839","25,655",11,"1,167",14,"3,933,209","18,384","213,943,211",Africa,857,"69,193",54,,,120
95,North Macedonia,"238,061",,"8,062",,"216,521","13,478",,"114,274","3,870","1,679,890","806,382","2,083,243",Europe,9,258,1,,,"6,470"
96,Botswana,"232,432",,"2,497",,"216,820","13,115",1,"95,881","1,030","2,026,898","836,117","2,424,180",Africa,10,971,1,,,"5,410"
97,Albania,"224,569",,"3,253",,"204,809","16,507",23,"78,166","1,132","1,549,558","539,354","2,872,989",Europe,13,883,2,,,"5,746"
98,Zimbabwe,"224,433",,"5,215",,"201,649","17,569",12,"14,771",343,"1,911,810","125,829","15,193,698",Africa,68,"2,913",8,,,"1,156"
99,Algeria,"223,806",,"6,372",,"153,469","63,965",41,"4,967",141,"230,861","5,123","45,061,227",Africa,201,"7,072",195,,,"1,420"
100,Cyprus,"215,271",,669,,"124,370","90,232",60,"176,336",548,"9,477,138","7,763,036","1,220,803",Asia,6,"1,825",0,,,"73,912"
101,Mozambique,"214,807",,"2,105",,"175,561","37,141",13,"6,591",65,"1,165,542","35,761","32,592,506",Africa,152,"15,483",28,,,"1,140"
102,Uzbekistan,"202,473",+714,"1,508",+3,"197,703","3,262",23,"5,918",44,"1,377,915","40,277","34,210,764",Asia,169,"22,686",25,21,0.09,95
103,Montenegro,"196,640",,"2,457",,"177,564","16,619",60,"313,027","3,911","1,051,462","1,673,801","628,188",Europe,3,256,1,,,"26,455"
104,Kyrgyzstan,"187,620",+742,"2,826",+3,"180,629","4,165",131,"28,050",423,"1,907,195","285,136","6,688,725",Asia,36,"2,367",4,111,0.4,623
105,Afghanistan,"158,602",+43,"7,376",,"145,887","5,339","1,124","3,939",183,"833,683","20,704","40,267,687",Asia,254,"5,459",48,1,,133
106,Uganda,"156,637",+591,"3,378",+8,"98,839","54,420",178,"3,267",70,"2,244,422","46,811","47,945,983",Africa,306,"14,194",21,12,0.2,"1,135"
107,Namibia,"153,611",+346,"3,783",+22,"141,103","8,725",25,"58,827","1,449","893,635","342,227","2,611,231",Africa,17,690,3,133,8,"3,341"
108,Ghana,"152,729",,"1,336",,"140,504","10,889",5,"4,763",42,"2,158,619","67,322","32,063,976",Africa,210,"24,000",15,,,340
109,Rwanda,"123,166",,"1,391",,"45,522","76,253",8,"9,162",103,"4,241,495","315,526","13,442,609",Africa,109,"9,664",3,,,"5,672"
110,El Salvador,"123,025",,"3,828",,"116,526","2,671",49,"18,822",586,"1,552,331","237,495","6,536,272",North America,53,"1,707",4,,,409
111,Laos,"122,241",+805,471,+7,"7,660","114,110",,"16,437",63,"939,190","126,287","7,436,963",Asia,61,"15,790",8,108,0.9,"15,344"
112,Cambodia,"120,718",+34,"3,015",,"117,057",646,,"7,071",177,"2,778,687","162,756","17,072,722",Asia,141,"5,663",6,2,,38
113,Luxembourg,"118,925",,930,,"99,285","18,710",19,"185,373","1,450","3,871,629","6,034,852","641,545",Europe,5,690,0,,,"29,164"
114,Cameroon,"109,666",,"1,853",,"106,050","1,763",13,"3,980",67,"1,751,774","63,573","27,555,119",Africa,251,"14,871",16,,,64
115,Jamaica,"106,379",,"2,506",,"66,751","37,122",10,"35,686",841,"740,520","248,418","2,980,940",North America,28,"1,190",4,,,"12,453"
116,Réunion,"102,216",,435,,"75,943","25,838",34,"112,935",481,"1,424,291","1,573,654","905,085",Africa,9,"2,081",1,,,"28,548"
117,Maldives,"99,635",,264,,"94,702","4,669",23,"179,492",476,"1,929,181","3,475,407","555,095",Asia,6,"2,103",0,,,"8,411"
118,Trinidad and Tobago,"98,474",,"3,119",,"79,367","15,988",22,"70,017","2,218","528,124","375,509","1,406,421",North America,14,451,3,,,"11,368"
119,Angola,"91,907",,"1,842",,"81,041","9,024",14,"2,670",54,"1,317,776","38,278","34,426,888",Africa,375,"18,690",26,,,262
120,DRC,"81,719",,"1,225",,"50,930","29,564",,872,13,"846,704","9,035","93,718,032",Africa,"1,147","76,505",111,,,315
121,Malawi,"81,414",,"2,437",,"63,716","15,261",67,"4,094",123,"508,874","25,591","19,884,893",Africa,244,"8,160",39,,,767
122,Senegal,"81,366",+608,"1,903",+2,"74,758","4,705",8,"4,671",109,"947,777","54,414","17,417,764",Africa,214,"9,153",18,35,0.1,270
123,Ivory Coast,"78,258",,745,,"71,257","6,256",,"2,859",27,"1,302,990","47,596","27,375,956",Africa,350,"36,746",21,,,229
124,Eswatini,"67,564",,"1,349",,"65,017","1,198",11,"57,329","1,145","441,800","374,873","1,178,534",Africa,17,874,3,,,"1,017"
125,French Guiana,"64,109",,344,,"11,254","52,511",12,"206,467","1,108","528,081","1,700,717","310,505",South America,5,903,1,,,"169,115"
126,Malta,"62,390",+462,496,,"49,177","12,717",8,"140,727","1,119","1,211,456","2,732,554","443,342",Europe,7,894,0,"1,042",,"28,684"
127,Suriname,"60,823","+1,047","1,201",+2,"49,118","10,504",6,"102,280","2,020","188,480","316,948","594,671",South America,10,495,3,"1,761",3,"17,664"
128,Martinique,"59,583",,795,,104,"58,684",1,"158,964","2,121","488,892","1,304,338","374,820",North America,6,471,1,,,"156,566"
129,Guadeloupe,"59,355",,751,,"2,250","56,354",23,"148,303","1,876","607,573","1,518,063","400,229",North America,7,533,1,,,"140,804"
130,Fiji,"58,491",,721,,"52,210","5,560",,"64,532",795,"483,177","533,084","906,381",Australia/Oceania,15,"1,257",2,,,"6,134"
131,Madagascar,"54,101",,"1,117",,"48,278","4,706",22,"1,880",39,"341,346","11,861","28,778,224",Africa,532,"25,764",84,,,164
132,Cabo Verde,"52,729",,364,,"47,420","4,945",23,"93,289",644,"399,555","706,899","565,222",Africa,11,"1,553",1,,,"8,749"
133,Mauritania,"51,795",,893,,"40,291","10,611",28,"10,710",185,"616,127","127,396","4,836,302",Africa,93,"5,416",8,,,"2,194"
134,Syria,"50,580",,"2,936",,"33,956","13,688",,"2,787",162,"146,269","8,059","18,150,021",Asia,359,"6,182",124,,,754
135,Sudan,"49,096",,"3,358",,"39,663","6,075",,"1,081",74,"562,941","12,396","45,413,204",Africa,925,"13,524",81,,,134
136,Guyana,"47,005",,"1,075",,"38,346","7,584",13,"59,323","1,357","456,353","575,943","792,358",South America,17,737,2,,,"9,571"
137,French Polynesia,"46,713",,636,,N/A,N/A,7,"164,835","2,244",,,"283,392",Australia/Oceania,6,446,,,,"44,380"
138,Gabon,"44,806",,297,,"39,234","5,275",20,"19,431",129,"1,513,731","656,443","2,305,958",Africa,51,"7,764",2,,,"2,288"
139,Iceland,"43,768","+1,238",43,,"33,911","9,814",6,"127,000",125,"1,471,142","4,268,745","344,631",Europe,8,"8,015",0,"3,592",,"28,477"
140,Belize,"38,950",,607,,"31,760","6,583",4,"95,312","1,485","411,518","1,006,994","408,660",North America,10,673,1,,,"16,109"
141,Papua New Guinea,"36,432",+3,595,,"35,755",82,7,"3,957",65,"249,149","27,064","9,206,025",Australia/Oceania,253,"15,472",37,0.3,,9
142,Burundi,"35,755",,38,,773,"34,944",,"2,876",3,"345,742","27,812","12,431,439",Africa,348,"327,143",36,,,"2,811"
143,Channel Islands,"35,126",,122,,"29,974","5,030",,"199,224",692,"1,157,886","6,567,181","176,314",Europe,5,"1,445",0,,,"28,529"
144,Togo,"35,097",,260,,"27,868","6,969",,"4,093",30,"638,922","74,509","8,575,116",Africa,244,"32,981",13,,,813
145,Guinea,"35,033",,403,,"30,856","3,774",49,"2,561",29,"578,214","42,277","13,676,759",Africa,390,"33,937",24,,,276
146,Barbados,"33,311",,267,,"29,163","3,881",,"115,698",927,"493,043","1,712,472","287,913",North America,9,"1,078",1,,,"13,480"
147,Mayotte,"32,522",,186,,"2,964","29,372",,"114,972",658,"176,919","625,445","282,869",Africa,9,"1,521",2,,,"103,836"
148,Lesotho,"31,604",+128,687,,"19,524","11,393",,"14,576",317,"362,117","167,011","2,168,224",Africa,69,"3,156",6,59,,"5,255"
149,Curaçao,"30,864",,199,,"20,686","9,979",3,"186,919","1,205","419,058","2,537,900","165,120",North America,5,830,0,,,"60,435"
150,Tanzania,"30,564",,740,,N/A,N/A,7,490,12,,,"62,332,046",Africa,"2,039","84,232",,,,476
151,Bahamas,"29,730",,717,,"22,691","6,322",6,"74,513","1,797","197,297","494,490","398,991",North America,13,556,2,,,"15,845"
152,Aruba,"29,176",,182,,"25,986","3,008",7,"271,506","1,694","177,885","1,655,360","107,460",North America,4,590,1,,,"27,992"
153,Seychelles,"29,030",,134,,"24,904","3,992",,"292,411","1,350",,,"99,278",Africa,3,741,,,,"40,210"
154,Andorra,"28,899",,141,,"23,394","5,364",31,"373,112","1,820","249,838","3,225,631","77,454",Europe,3,549,0,,,"69,254"
155,Mali,"27,149",,677,,"21,412","5,060",,"1,284",32,"562,872","26,624","21,141,392",Africa,779,"31,228",38,,,239
156,Haiti,"26,807",,780,,"23,777","2,250",,"2,308",67,"132,422","11,401","11,615,076",North America,433,"14,891",88,,,194
157,Benin,"26,036",,162,,"25,033",841,5,"2,065",13,"604,310","47,930","12,608,136",Africa,484,"77,828",21,,,67
158,Mauritius,"24,498",+73,762,,"22,558","1,178",,"19,214",598,"358,675","281,314","1,274,997",Africa,52,"1,673",4,57,,924
159,Somalia,"24,261",,"1,335",,"13,182","9,744",,"1,464",81,"400,466","24,168","16,570,273",Africa,683,"12,412",41,,,588
160,Congo,"22,418",,370,,"18,925","3,123",,"3,915",65,"323,840","56,561","5,725,540",Africa,255,"15,474",18,,,545
161,Burkina Faso,"19,886",,339,,"18,139","1,408",,913,16,"241,537","11,091","21,778,525",Africa,"1,095","64,243",90,,,65
162,Timor-Leste,"19,860",,122,,"19,714",24,,"14,637",90,"226,374","166,842","1,356,820",Asia,68,"11,121",6,,,18
163,Taiwan,"17,624",+65,851,+1,"16,023",750,,738,36,"9,667,586","404,794","23,882,730",Asia,"1,355","28,064",2,3,0.04,31
164,Nicaragua,"17,563",,214,,"4,225","13,124",,"2,604",32,,,"6,745,073",North America,384,"31,519",,,,"1,946"
165,Tajikistan,"17,095",,124,,"16,966",5,,"1,733",13,,,"9,864,913",Asia,577,"79,556",,,,0.5
166,South Sudan,"16,337",,136,,"12,934","3,267",1,"1,434",12,"307,957","27,027","11,394,404",Africa,697,"83,782",37,,,287
167,Saint Lucia,"15,937",,310,,"13,621","2,006",4,"86,187","1,676","114,913","621,450","184,911",North America,12,596,2,,,"10,848"
168,Brunei,"15,750",,98,,"15,381",271,1,"35,482",221,"697,770","1,571,958","443,886",Asia,28,"4,529",1,,,611
169,New Zealand,"14,887",+39,52,,"13,800","1,035",17,"2,976",10,"5,746,268","1,148,771","5,002,100",Australia/Oceania,336,"96,194",1,8,,207
170,Equatorial Guinea,"14,871",,177,,"13,447","1,247",1,"10,093",120,"263,190","178,636","1,473,334",Africa,99,"8,324",6,,,846
171,Djibouti,"14,541",,189,,"13,755",597,,"14,398",187,"264,571","261,961","1,009,965",Africa,69,"5,344",4,,,591
172,Isle of Man,"14,105",,68,,"13,713",324,1,"164,545",793,"133,676","1,559,431","85,721",Europe,6,"1,261",1,,,"3,780"
173,New Caledonia,"13,364",+43,281,,"12,551",532,4,"46,131",970,"98,964","341,613","289,696",Australia/Oceania,22,"1,031",3,148,,"1,836"
174,Hong Kong,"13,016",+14,213,,"12,327",476,,"1,715",28,"30,074,074","3,962,323","7,590,011",Asia,583,"35,634",0,2,,63
175,CAR,"12,650",,106,,"6,859","5,685",2,"2,551",21,"74,519","15,030","4,958,113",Africa,392,"46,775",67,,,"1,147"
176,Cayman Islands,"11,666",,14,,"8,093","3,559",6,"174,374",209,"215,963","3,228,050","66,902",North America,6,"4,779",0,,,"53,197"
177,Gambia,"11,122",,344,,"9,844",934,4,"4,413",136,"135,608","53,806","2,520,334",Africa,227,"7,327",19,,,371
178,Gibraltar,"10,248",,100,,"8,696","1,452",6,"304,312","2,969","464,886","13,804,668","33,676",Europe,3,337,0,,,"43,117"
179,Yemen,"10,133",,"1,987",,"7,045","1,101",23,329,64,"265,253","8,604","30,829,543",Asia,"3,042","15,516",116,,,36
180,San Marino,"9,518",,103,,"7,920","1,495",5,"279,612","3,026","111,184","3,266,275","34,040",Europe,4,330,0,,,"43,919"
181,Grenada,"8,966",+365,201,,"5,957","2,808",,"79,120","1,774","107,870","951,898","113,321",North America,13,564,1,"3,221",,"24,779"
182,Eritrea,"8,653",,84,,"8,116",453,,"2,389",23,"23,693","6,542","3,621,464",Africa,419,"43,113",153,,,125
183,Faeroe Islands,"8,579",,15,,"6,840","1,724",5,"174,558",305,"680,000","13,836,043","49,147",Europe,6,"3,276",0,,,"35,078"
184,Niger,"8,260",,286,,"7,204",770,2,323,11,"209,892","8,217","25,543,607",Africa,"3,092","89,313",122,,,30
185,Sint Maarten,"7,899",+515,75,,"5,504","2,320",9,"181,087","1,719","62,056","1,422,650","43,620",North America,6,582,1,"11,807",,"53,187"
186,Bermuda,"7,880",,110,,"6,166","1,604",,"127,249","1,776","719,912","11,625,359","61,926",North America,8,563,0,,,"25,902"
187,Comoros,"7,715",+36,159,+1,"6,594",962,,"8,592",177,,,"897,903",Africa,116,"5,647",,40,1,"1,071"
188,Dominica,"7,667",,47,,"7,116",504,,"106,103",650,"134,888","1,866,704","72,260",North America,9,"1,537",1,,,"6,975"
189,Sierra Leone,"7,493",,125,,N/A,N/A,,911,15,"259,958","31,606","8,224,854",Africa,"1,098","65,799",32,,,328
190,Liberia,"7,054",,287,,"5,747","1,020",2,"1,346",55,"139,824","26,688","5,239,268",Africa,743,"18,255",37,,,195
191,Liechtenstein,"6,915",+57,72,+1,"6,411",432,5,"180,572","1,880","80,413","2,099,830","38,295",Europe,6,532,0,"1,488",26,"11,281"
192,Guinea-Bissau,"6,808",,150,,"6,320",338,,"3,339",74,"113,422","55,625","2,039,052",Africa,300,"13,594",18,,,166
193,St. Vincent Grenadines,"6,562",,85,,"5,563",914,7,"58,863",762,"94,386","846,671","111,479",North America,17,"1,312",1,,,"8,199"
194,Chad,"6,556",,185,,"4,874","1,497",,382,11,"191,341","11,160","17,145,511",Africa,"2,615","92,678",90,,,87
195,Greenland,"6,453",,2,,"2,761","3,690",2,"113,368",35,"156,694","2,752,833","56,921",North America,9,"28,461",0,,,"64,827"
196,Monaco,"6,266",,44,,"5,809",413,4,"157,961","1,109","54,960","1,385,500","39,668",Europe,6,902,1,,,"10,411"
197,Sao Tome and Principe,"5,235",,65,,"3,855","1,315",,"23,228",288,"29,036","128,832","225,379",Africa,43,"3,467",8,,,"5,835"
198,Antigua and Barbuda,"5,214",,120,,"4,146",948,1,"52,577","1,210","18,559","187,145","99,169",North America,19,826,5,,,"9,559"
199,Saint Martin,"5,148",,59,,"1,399","3,690",7,"129,758","1,487","78,366","1,975,248","39,674",North America,8,672,1,,,"93,008"
200,British Virgin Islands,"4,947",,40,,N/A,N/A,8,"161,990","1,310","95,442","3,125,250","30,539",North America,6,763,0,,,"45,417"
201,Caribbean Netherlands,"4,908",,25,,"3,977",906,,"184,539",940,"30,126","1,132,727","26,596",North America,5,"1,064",1,,,"34,065"
202,Turks and Caicos,"4,636",+154,28,+1,"3,840",768,3,"117,314",709,"94,789","2,398,628","39,518",North America,9,"1,411",0,"3,897",25,"19,434"
203,Saint Kitts and Nevis,"4,484",,28,,"3,252","1,204",1,"83,384",521,"60,991","1,134,189","53,775",North America,12,"1,921",1,,,"22,390"
204,Bhutan,"2,873",+36,3,,"2,654",216,,"3,662",4,"1,336,512","1,703,429","784,601",Asia,273,"261,534",1,46,,275
205,St. Barth,"2,363",,6,,N/A,N/A,,"238,134",605,"56,491","5,692,936","9,923",North America,4,"1,654",0,,,"190,970"
206,Anguilla,"1,942",,6,,"1,789",147,,"127,696",395,"51,382","3,378,617","15,208",North America,8,"2,535",0,,,"9,666"
208,Wallis and Futuna,454,,7,,438,9,,"41,507",640,"20,508","1,874,931","10,938",Australia/Oceania,24,"1,563",1,,,823
209,Saint Pierre Miquelon,354,+38,,,200,154,,"61,555",,"15,633","2,718,310","5,751",North America,16,,0,"6,608",,"26,778"
210,Montserrat,118,,1,,51,66,,"23,614",200,"3,785","757,454","4,997",North America,42,"4,997",1,,,"13,208"
211,Falkland Islands,85,,,,N/A,N/A,,"23,384",,"8,528","2,346,080","3,635",South America,43,,0,,,550
212,Macao,79,,,,77,2,,119,,"5,075","7,656","662,868",Asia,"8,391",,131,,,3
213,Palau,40,+1,,,14,26,,"2,195",,"19,159","1,051,191","18,226",Australia/Oceania,456,,1,55,,"1,427"
215,Solomon Islands,25,,,,20,5,,35,,"4,500","6,315","712,612",Australia/Oceania,"28,504",,158,,,7
216,Western Sahara,10,,1,,8,1,,16,2,,,"619,771",Africa,"61,977","619,771",,,,2
219,Marshall Islands,7,,,,4,3,,117,,,,"59,801",Australia/Oceania,"8,543",,,,,50
224,China,"104,379",+190,"4,636",,"96,283","3,460",10,73,3,"160,000,000","111,163","1,439,323,776",Asia,"13,789","310,467",9,0.1,,2
